tld,registrable_domains,share_of_domains,subdomains,share_of_subdomains
com,102673226,44.0662,341644358,43.2337
ph,12119257,5.2014,9802517,1.2405
org,7197675,3.0892,16583462,2.0986
de,6909727,2.9656,12783079,1.6176
net,6509765,2.7939,64006317,8.0997
xyz,6131615,2.6316,5777381,0.7311
uk,5356643,2.2990,6630041,0.8390
top,4188654,1.7977,4556850,0.5767
cn,3696562,1.5865,9052914,1.1456
br,3114876,1.3369,6978736,0.8831
shop,2856853,1.2261,1941966,0.2457
ru,2700425,1.1590,7773856,0.9838
info,2688320,1.1538,2700313,0.3417
nl,2592367,1.1126,4182111,0.5292
in,2264792,0.9720,4114546,0.5207
co,2241842,0.9622,3319514,0.4201
au,2230571,0.9573,3931618,0.4975
fr,2170690,0.9316,4997375,0.6324
ca,2115298,0.9079,3047695,0.3857
cc,2065602,0.8865,1760731,0.2228
online,2007747,0.8617,2827509,0.3578
it,1556560,0.6681,3270907,0.4139
pl,1391948,0.5974,2828625,0.3580
eu,1353096,0.5807,10373383,1.3127
site,1336523,0.5736,16838148,2.1308
app,1234691,0.5299,4220650,0.5341
vip,1234602,0.5299,869966,0.1101
store,1190285,0.5109,1246189,0.1577
ch,1182658,0.5076,2119396,0.2682
us,950136,0.4078,1864662,0.2360
se,946994,0.4064,1235997,0.1564
ai,934888,0.4012,2301770,0.2913
io,916095,0.3932,19807500,2.5066
es,915764,0.3930,1295534,0.1639
za,874620,0.3754,2816966,0.3565
jp,859205,0.3688,1577352,0.1996
pro,842415,0.3616,1083990,0.1372
be,814530,0.3496,1401316,0.1773
id,797099,0.3421,2057429,0.2604
cz,780457,0.3350,1272607,0.1610
me,752839,0.3231,7020529,0.8884
click,678123,0.2910,464746,0.0588
sbs,657088,0.2820,378215,0.0479
at,641355,0.2753,1404409,0.1777
biz,619486,0.2659,976370,0.1236
mx,616440,0.2646,1206372,0.1527
dk,607891,0.2609,859366,0.1087
dev,579491,0.2487,120873381,15.2960
ir,509379,0.2186,933642,0.1181
hu,508883,0.2184,1328668,0.1681
live,477552,0.2050,463026,0.0586
tr,472653,0.2029,797989,0.1010
no,440763,0.1892,669314,0.0847
ro,437625,0.1878,965377,0.1222
cl,428099,0.1837,985973,0.1248
nz,423926,0.1819,730196,0.0924
space,421794,0.1810,558611,0.0707
cfd,415367,0.1783,231859,0.0293
ar,392779,0.1686,719640,0.0911
lol,391045,0.1678,199819,0.0253
club,388436,0.1667,500197,0.0633
digital,345530,0.1483,247649,0.0313
tech,342168,0.1469,972890,0.1231
xn--p1ai,340580,0.1462,464409,0.0588
my,339772,0.1458,422256,0.0534
gr,333201,0.1430,596298,0.0755
kr,330625,0.1419,592982,0.0750
fi,324092,0.1391,632027,0.0800
world,322049,0.1382,225298,0.0285
cloud,316341,0.1358,4168215,0.5275
vn,308334,0.1323,643547,0.0814
life,305475,0.1311,325731,0.0412
cyou,287068,0.1232,267193,0.0338
ua,272100,0.1168,712180,0.0901
blog,270022,0.1159,233428,0.0295
work,267767,0.1149,333172,0.0422
fun,261533,0.1122,292449,0.0370
icu,258261,0.1108,154146,0.0195
pt,257138,0.1104,553172,0.0700
sk,244769,0.1051,308959,0.0391
asia,238144,0.1022,184216,0.0233
link,200980,0.0863,1349813,0.1708
tw,200550,0.0861,303228,0.0384
art,198328,0.0851,236715,0.0300
tv,194047,0.0833,305535,0.0387
buzz,191929,0.0824,151834,0.0192
one,174994,0.0751,1109230,0.1404
il,169239,0.0726,250729,0.0317
ie,166738,0.0716,216511,0.0274
website,164480,0.0706,297299,0.0376
help,161146,0.0692,70811,0.0090
lat,161132,0.0692,171872,0.0217
bet,151563,0.0650,113444,0.0144
studio,143275,0.0615,217295,0.0275
win,133663,0.0574,93677,0.0119
garden,133481,0.0573,22728,0.0029
si,129084,0.0554,317032,0.0401
ae,127765,0.0548,259611,0.0329
lt,126152,0.0541,217336,0.0275
ee,125896,0.0540,225367,0.0285
ng,125624,0.0539,252771,0.0320
pk,121206,0.0520,214918,0.0272
bond,110269,0.0473,46327,0.0059
rs,106455,0.0457,210780,0.0267
kz,105716,0.0454,249017,0.0315
wiki,103214,0.0443,34064,0.0043
nu,100966,0.0433,132714,0.0168
ink,96915,0.0416,142519,0.0180
hr,95494,0.0410,288211,0.0365
beer,92772,0.0398,23731,0.0030
mobi,91871,0.0394,108940,0.0138
casa,91351,0.0392,295848,0.0374
sg,90740,0.0389,255956,0.0324
today,90027,0.0386,97119,0.0123
pe,89162,0.0383,202304,0.0256
ke,88943,0.0382,234662,0.0297
cam,87871,0.0377,307093,0.0389
pics,84279,0.0362,40418,0.0051
by,83781,0.0360,223835,0.0283
casino,83401,0.0358,291927,0.0369
agency,82506,0.0354,149079,0.0189
lv,82445,0.0354,134057,0.0170
np,76784,0.0330,157437,0.0199
design,75277,0.0323,102200,0.0129
hk,73853,0.0317,122323,0.0155
mom,71392,0.0306,43636,0.0055
uz,71342,0.0306,136717,0.0173
autos,69894,0.0300,27966,0.0035
media,69103,0.0297,93875,0.0119
homes,68308,0.0293,61757,0.0078
rest,66780,0.0287,50168,0.0063
ma,63775,0.0274,195983,0.0248
group,63723,0.0273,108847,0.0138
solutions,62311,0.0267,113645,0.0144
bg,61227,0.0263,177751,0.0225
company,60301,0.0259,113614,0.0144
ws,60139,0.0258,98529,0.0125
fit,59991,0.0257,83744,0.0106
best,59552,0.0256,38186,0.0048
games,55391,0.0238,61815,0.0078
email,55225,0.0237,73944,0.0094
pw,55101,0.0236,68164,0.0086
qpon,55087,0.0236,30535,0.0039
sa,53756,0.0231,128735,0.0163
surf,53661,0.0230,22188,0.0028
th,53141,0.0228,112215,0.0142
ltd,53033,0.0228,73883,0.0093
services,52650,0.0226,108123,0.0137
cv,52649,0.0226,37967,0.0048
beauty,52134,0.0224,33495,0.0042
onl,51465,0.0221,93024,0.0118
bio,50406,0.0216,58168,0.0074
su,50056,0.0215,176432,0.0223
lu,49848,0.0214,111737,0.0141
news,48998,0.0210,67104,0.0085
cat,48763,0.0209,81388,0.0103
network,47867,0.0205,123498,0.0156
is,47031,0.0202,84622,0.0107
quest,46009,0.0197,30543,0.0039
run,45756,0.0196,287841,0.0364
lk,45534,0.0195,104598,0.0132
ovh,45146,0.0194,136897,0.0173
gg,44275,0.0190,80556,0.0102
uy,43927,0.0189,76882,0.0097
team,43853,0.0188,148747,0.0188
to,42769,0.0184,3244160,0.4105
vu,42403,0.0182,21987,0.0028
fyi,42172,0.0181,50322,0.0064
bid,42142,0.0181,24127,0.0031
im,40609,0.0174,58078,0.0073
health,39950,0.0171,63956,0.0081
global,39264,0.0169,71646,0.0091
academy,37210,0.0160,53638,0.0068
love,36870,0.0158,40053,0.0051
guru,36814,0.0158,72611,0.0092
ge,36635,0.0157,63074,0.0080
tokyo,35455,0.0152,47732,0.0060
nyc,35393,0.0152,48557,0.0061
llc,34253,0.0147,40678,0.0051
sh,33514,0.0144,343797,0.0435
chat,33278,0.0143,86688,0.0110
rocks,32594,0.0140,101219,0.0128
bar,32554,0.0140,30500,0.0039
africa,31542,0.0135,85187,0.0108
monster,31408,0.0135,33696,0.0043
center,30957,0.0133,46505,0.0059
bd,30734,0.0132,139189,0.0176
forum,30170,0.0129,9783,0.0012
social,30132,0.0129,139835,0.0177
az,30053,0.0129,51875,0.0066
ec,29440,0.0126,69594,0.0088
zw,29087,0.0125,74444,0.0094
tz,29010,0.0125,76614,0.0097
care,28821,0.0124,52155,0.0066
name,28695,0.0123,84726,0.0107
li,28554,0.0123,56813,0.0072
md,28472,0.0122,50440,0.0064
wtf,28289,0.0121,46806,0.0059
earth,28238,0.0121,71729,0.0091
loan,27684,0.0119,32629,0.0041
am,26881,0.0115,59969,0.0076
systems,26623,0.0114,89892,0.0114
vc,25784,0.0111,36411,0.0046
works,25025,0.0107,54641,0.0069
plus,24874,0.0107,36210,0.0046
skin,24627,0.0106,13466,0.0017
la,24316,0.0104,40999,0.0052
baby,24273,0.0104,50507,0.0064
xn--o3cw4h,24235,0.0104,24224,0.0031
ba,23757,0.0102,47696,0.0060
tn,23738,0.0102,41143,0.0052
yachts,23727,0.0102,14738,0.0019
ly,23624,0.0101,42584,0.0054
hair,23189,0.0100,16506,0.0021
xin,22956,0.0099,20155,0.0026
mk,22770,0.0098,57083,0.0072
finance,22682,0.0097,36679,0.0046
capital,22433,0.0096,26832,0.0034
church,22387,0.0096,46237,0.0059
py,22277,0.0096,48823,0.0062
business,22141,0.0095,26470,0.0033
support,21511,0.0092,34277,0.0043
re,21427,0.0092,61300,0.0078
boats,21302,0.0091,18926,0.0024
al,21163,0.0091,42901,0.0054
events,21021,0.0090,31739,0.0040
page,21004,0.0090,771784,0.0977
consulting,20934,0.0090,26527,0.0034
tools,20752,0.0089,68841,0.0087
photography,20543,0.0088,26169,0.0033
bz,20535,0.0088,48973,0.0062
family,20278,0.0087,30251,0.0038
do,20036,0.0086,170430,0.0216
now,19783,0.0085,21604,0.0027
zone,18852,0.0081,81038,0.0103
city,18581,0.0080,30678,0.0039
trade,18563,0.0080,23233,0.0029
study,18465,0.0079,26733,0.0034
tm,18313,0.0079,14442,0.0018
food,17830,0.0077,21907,0.0028
london,17674,0.0076,17007,0.0022
tk,17466,0.0075,22974,0.0029
foundation,17385,0.0075,21833,0.0028
st,17292,0.0074,42266,0.0053
marketing,17279,0.0074,28012,0.0035
kg,17120,0.0073,62239,0.0079
coffee,17111,0.0073,23931,0.0030
technology,16889,0.0072,30017,0.0038
mn,16726,0.0072,49747,0.0063
travel,16703,0.0072,31611,0.0040
farm,16570,0.0071,21419,0.0027
so,16513,0.0071,42660,0.0054
energy,16479,0.0071,27898,0.0035
tel,16437,0.0071,22875,0.0029
education,16236,0.0070,31179,0.0039
coach,16204,0.0070,19716,0.0025
courses,16041,0.0069,9415,0.0012
host,15707,0.0067,334824,0.0424
uno,15662,0.0067,18304,0.0023
cy,15621,0.0067,24137,0.0031
party,15518,0.0067,21130,0.0027
video,15485,0.0066,19807,0.0025
house,15436,0.0066,28022,0.0035
living,15388,0.0066,16213,0.0021
watch,15382,0.0066,12389,0.0016
software,15100,0.0065,48169,0.0061
cafe,15011,0.0064,23770,0.0030
cm,14705,0.0063,23810,0.0030
bot,14626,0.0063,19882,0.0025
realtor,14462,0.0062,14572,0.0018
school,14392,0.0062,26686,0.0034
gt,14377,0.0062,34549,0.0044
institute,14323,0.0061,13210,0.0017
money,14200,0.0061,19633,0.0025
community,14145,0.0061,18093,0.0023
ventures,13967,0.0060,20049,0.0025
wine,13944,0.0060,11997,0.0015
law,13892,0.0060,19457,0.0025
ing,13877,0.0060,17445,0.0022
ninja,13708,0.0059,49272,0.0062
cx,13684,0.0059,29880,0.0038
expert,13515,0.0058,23973,0.0030
codes,13449,0.0058,25889,0.0033
cash,13232,0.0057,15304,0.0019
cf,13231,0.0057,17000,0.0022
makeup,13204,0.0057,7115,0.0009
moe,13156,0.0056,28508,0.0036
stream,13136,0.0056,17464,0.0022
gov,12988,0.0056,108180,0.0137
motorcycles,12961,0.0056,3939,0.0005
land,12940,0.0056,22409,0.0028
boutique,12915,0.0055,6997,0.0009
band,12870,0.0055,13885,0.0018
fm,12797,0.0055,35749,0.0045
pet,12601,0.0054,16069,0.0020
wang,12565,0.0054,17089,0.0022
yoga,12397,0.0053,9161,0.0012
exchange,12303,0.0053,15163,0.0019
legal,12255,0.0053,23549,0.0030
training,12130,0.0052,22287,0.0028
fund,12114,0.0052,15275,0.0019
guide,12067,0.0052,13924,0.0018
international,11980,0.0051,15934,0.0020
cool,11932,0.0051,27424,0.0035
golf,11873,0.0051,14023,0.0018
gay,11828,0.0051,20517,0.0026
clinic,11603,0.0050,20445,0.0026
dog,11497,0.0049,15712,0.0020
ac,11262,0.0048,23814,0.0030
photos,11182,0.0048,14265,0.0018
qa,11130,0.0048,24122,0.0031
red,11059,0.0047,22541,0.0029
ve,10862,0.0047,24112,0.0031
berlin,10708,0.0046,18534,0.0023
vin,10697,0.0046,7800,0.0010
mt,10654,0.0046,14184,0.0018
press,10482,0.0045,12872,0.0016
gallery,10438,0.0045,14260,0.0018
delivery,10389,0.0045,10369,0.0013
show,10359,0.0044,16153,0.0020
ao,10349,0.0044,23156,0.0029
ag,10318,0.0044,23613,0.0030
market,10188,0.0044,19210,0.0024
partners,10075,0.0043,15512,0.0020
gdn,9724,0.0042,5099,0.0006
tax,9665,0.0041,11060,0.0014
day,9536,0.0041,9943,0.0013
cards,9389,0.0040,12591,0.0016
tips,9221,0.0040,9437,0.0012
xxx,9113,0.0039,22573,0.0029
wedding,9108,0.0039,7549,0.0010
fitness,8878,0.0038,9925,0.0013
directory,8681,0.0037,9063,0.0011
photo,8644,0.0037,13809,0.0017
ci,8619,0.0037,73503,0.0093
amsterdam,8592,0.0037,15729,0.0020
bo,8495,0.0036,23772,0.0030
gold,8479,0.0036,9736,0.0012
build,8393,0.0036,27844,0.0035
bike,8366,0.0036,12271,0.0016
cr,8298,0.0036,22487,0.0028
blue,8257,0.0035,17923,0.0023
tours,8232,0.0035,10800,0.0014
sale,8184,0.0035,10297,0.0013
swiss,8183,0.0035,15999,0.0020
mz,8135,0.0035,20886,0.0026
pub,8123,0.0035,40958,0.0052
rip,8008,0.0034,9069,0.0011
realestate,7849,0.0034,9080,0.0011
men,7835,0.0034,9456,0.0012
gmbh,7780,0.0033,16092,0.0020
immo,7741,0.0033,12957,0.0016
eus,7595,0.0033,16225,0.0021
fashion,7461,0.0032,7662,0.0010
ooo,7416,0.0032,14084,0.0018
christmas,7395,0.0032,2879,0.0004
ad,7269,0.0031,10588,0.0013
zip,7258,0.0031,9578,0.0012
properties,7255,0.0031,8284,0.0010
gq,7239,0.0031,7924,0.0010
rentals,7175,0.0031,17180,0.0022
miami,7169,0.0031,8225,0.0010
rent,7154,0.0031,16718,0.0021
ml,7034,0.0030,9796,0.0012
mu,6982,0.0030,13297,0.0017
report,6906,0.0030,8081,0.0010
ug,6897,0.0030,19423,0.0025
lifestyle,6885,0.0030,4679,0.0006
style,6859,0.0029,8382,0.0011
place,6782,0.0029,15577,0.0020
dz,6706,0.0029,22705,0.0029
bw,6694,0.0029,15742,0.0020
dvag,6639,0.0028,6469,0.0008
date,6607,0.0028,9309,0.0012
vision,6601,0.0028,23793,0.0030
aero,6592,0.0028,22625,0.0029
vet,6503,0.0028,10338,0.0013
as,6499,0.0028,10029,0.0013
moscow,6452,0.0028,14229,0.0018
productions,6359,0.0027,8122,0.0010
direct,6347,0.0027,5786459,0.7323
town,6337,0.0027,7157,0.0009
irish,6328,0.0027,4106,0.0005
science,6280,0.0027,9790,0.0012
vegas,6269,0.0027,6653,0.0008
diy,6264,0.0027,6129,0.0008
et,6261,0.0027,20672,0.0026
wales,6237,0.0027,7880,0.0010
music,6225,0.0027,7478,0.0009
estate,6187,0.0027,10349,0.0013
edu,6140,0.0026,555753,0.0703
iq,6109,0.0026,21210,0.0027
bzh,6100,0.0026,13497,0.0017
sn,5985,0.0026,16058,0.0020
rw,5959,0.0026,15807,0.0020
ps,5958,0.0026,12772,0.0016
pizza,5953,0.0026,9078,0.0011
engineering,5930,0.0025,43858,0.0056
wien,5917,0.0025,7258,0.0009
enterprises,5834,0.0025,7300,0.0009
download,5801,0.0025,5823,0.0007
management,5740,0.0025,8796,0.0011
college,5717,0.0025,11398,0.0014
you,5696,0.0024,5616,0.0007
ceo,5693,0.0024,5584,0.0007
reviews,5671,0.0024,34527,0.0044
contact,5656,0.0024,6598,0.0008
computer,5621,0.0024,15447,0.0020
xn--fiqs8s,5536,0.0024,2181,0.0003
scot,5503,0.0024,9149,0.0012
pa,5482,0.0024,9648,0.0012
fans,5412,0.0023,6348,0.0008
bayern,5267,0.0023,8839,0.0011
dance,5263,0.0023,6612,0.0008
game,5238,0.0022,7625,0.0010
repair,5171,0.0022,6240,0.0008
paris,5164,0.0022,8246,0.0010
construction,5051,0.0022,6787,0.0009
doctor,5035,0.0022,4493,0.0006
solar,4978,0.0021,6927,0.0009
deals,4936,0.0021,5914,0.0007
kim,4933,0.0021,5460,0.0007
xn--90ais,4932,0.0021,6440,0.0008
xn--p1acf,4799,0.0021,8400,0.0011
clothing,4771,0.0020,5124,0.0006
engineer,4759,0.0020,6619,0.0008
coupons,4756,0.0020,3075,0.0004
pictures,4719,0.0020,5676,0.0007
haus,4689,0.0020,17262,0.0022
camp,4636,0.0020,6811,0.0009
express,4610,0.0020,8117,0.0010
coop,4561,0.0020,26337,0.0033
supply,4561,0.0020,5555,0.0007
green,4540,0.0019,6251,0.0008
restaurant,4539,0.0019,5878,0.0007
fo,4524,0.0019,8773,0.0011
cymru,4508,0.0019,5581,0.0007
locker,4506,0.0019,4689,0.0006
fan,4468,0.0019,5424,0.0007
sv,4451,0.0019,12947,0.0016
jetzt,4451,0.0019,5546,0.0007
kiwi,4408,0.0019,6152,0.0008
ms,4403,0.0019,2035723,0.2576
tattoo,4403,0.0019,3728,0.0005
markets,4355,0.0019,5651,0.0007
inc,4352,0.0019,223226,0.0282
gs,4342,0.0019,13955,0.0018
eco,4331,0.0019,11231,0.0014
holdings,4325,0.0019,5061,0.0006
villas,4319,0.0019,4358,0.0006
frl,4312,0.0019,7126,0.0009
careers,4270,0.0018,8645,0.0011
kitchen,4259,0.0018,5925,0.0007
eg,4258,0.0018,12020,0.0015
koeln,4257,0.0018,6707,0.0008
dental,4240,0.0018,7240,0.0009
ren,4225,0.0018,5306,0.0007
review,4210,0.0018,10465,0.0013
film,4204,0.0018,6571,0.0008
ky,4176,0.0018,5558,0.0007
meme,4151,0.0018,4436,0.0006
pm,4097,0.0018,10047,0.0013
army,4093,0.0018,13295,0.0017
vg,4076,0.0017,8712,0.0011
lawyer,4061,0.0017,5047,0.0006
financial,4050,0.0017,5324,0.0007
mv,4011,0.0017,7664,0.0010
university,4010,0.0017,6399,0.0008
na,3995,0.0017,8264,0.0010
mg,3951,0.0017,17351,0.0022
parts,3948,0.0017,5869,0.0007
jobs,3928,0.0017,8328,0.0011
om,3906,0.0017,8363,0.0011
poker,3896,0.0017,3087,0.0004
sy,3889,0.0017,6451,0.0008
vote,3871,0.0017,4626,0.0006
pink,3860,0.0017,5887,0.0007
healthcare,3809,0.0016,5552,0.0007
industries,3806,0.0016,5283,0.0007
nc,3784,0.0016,8231,0.0010
gifts,3777,0.0016,3074,0.0004
je,3771,0.0016,11134,0.0014
nrw,3740,0.0016,7709,0.0010
taxi,3725,0.0016,6340,0.0008
kids,3704,0.0016,3979,0.0005
tj,3690,0.0016,8103,0.0010
builders,3683,0.0016,5397,0.0007
investments,3668,0.0016,4091,0.0005
hn,3639,0.0016,8186,0.0010
promo,3621,0.0016,6525,0.0008
football,3601,0.0015,3940,0.0005
hamburg,3585,0.0015,6262,0.0008
fish,3557,0.0015,7372,0.0009
black,3551,0.0015,4870,0.0006
domains,3535,0.0015,23204,0.0029
gl,3473,0.0015,7573,0.0010
property,3395,0.0015,3047,0.0004
menu,3364,0.0014,9691,0.0012
tirol,3354,0.0014,4990,0.0006
lc,3326,0.0014,5238,0.0007
cpa,3318,0.0014,2637,0.0003
faith,3303,0.0014,4146,0.0005
ist,3300,0.0014,4850,0.0006
insure,3285,0.0014,5982,0.0008
foo,3275,0.0014,5489,0.0007
cd,3257,0.0014,152974,0.0194
auction,3249,0.0014,3439,0.0004
limited,3243,0.0014,3630,0.0005
ski,3223,0.0014,6337,0.0008
nexus,3197,0.0014,4690,0.0006
zm,3187,0.0014,7510,0.0010
trading,3185,0.0014,4090,0.0005
horse,3136,0.0013,16128,0.0020
shopping,3101,0.0013,3288,0.0004
loans,3088,0.0013,3023,0.0004
credit,3075,0.0013,3590,0.0005
srl,3068,0.0013,6399,0.0008
toys,3054,0.0013,5213,0.0007
ngo,3002,0.0013,5319,0.0007
gal,2998,0.0013,5395,0.0007
af,2933,0.0013,6840,0.0009
audio,2863,0.0012,6988,0.0009
graphics,2855,0.0012,3777,0.0005
bi,2811,0.0012,6782,0.0009
mov,2800,0.0012,2818,0.0004
quebec,2785,0.0012,4885,0.0006
lighting,2752,0.0012,2943,0.0004
ax,2734,0.0012,4136,0.0005
voyage,2720,0.0012,2261,0.0003
salon,2714,0.0012,3143,0.0004
ga,2688,0.0012,5892,0.0007
mba,2663,0.0011,3047,0.0004
yt,2654,0.0011,10028,0.0013
sucks,2650,0.0011,8943,0.0011
racing,2627,0.0011,3010,0.0004
boo,2600,0.0011,3219,0.0004
charity,2594,0.0011,3066,0.0004
gh,2584,0.0011,9026,0.0011
luxe,2579,0.0011,3226,0.0004
bingo,2564,0.0011,1687,0.0002
brussels,2562,0.0011,4239,0.0005
xn--80adxhks,2539,0.0011,3603,0.0005
sx,2533,0.0011,5202,0.0007
gd,2528,0.0011,96273,0.0122
dating,2514,0.0011,4296,0.0005
dad,2508,0.0011,2198,0.0003
kh,2498,0.0011,7935,0.0010
bh,2489,0.0011,4414,0.0006
porn,2477,0.0011,5375,0.0007
gift,2417,0.0010,3825,0.0005
recipes,2399,0.0010,2698,0.0003
sex,2398,0.0010,10971,0.0014
tf,2356,0.0010,10970,0.0014
gy,2348,0.0010,4539,0.0006
boston,2322,0.0010,2253,0.0003
luxury,2314,0.0010,3213,0.0004
lgbt,2311,0.0010,2677,0.0003
sc,2296,0.0010,6276,0.0008
archi,2290,0.0010,2850,0.0004
attorney,2266,0.0010,2935,0.0004
fail,2253,0.0010,3679,0.0005
vacations,2248,0.0010,2951,0.0004
cheap,2226,0.0010,2488,0.0003
jo,2205,0.0009,5063,0.0006
sr,2178,0.0009,5137,0.0007
claims,2163,0.0009,2030,0.0003
actor,2146,0.0009,2110,0.0003
okinawa,2143,0.0009,2498,0.0003
cab,2139,0.0009,3306,0.0004
soccer,2139,0.0009,1941,0.0002
tg,2114,0.0009,5555,0.0007
tube,2110,0.0009,2853,0.0004
observer,2101,0.0009,5234,0.0007
sydney,2067,0.0009,3102,0.0004
immobilien,2058,0.0009,2681,0.0003
apartments,2051,0.0009,3299,0.0004
jewelry,2034,0.0009,2269,0.0003
gives,2027,0.0009,2064,0.0003
rodeo,2022,0.0009,2607,0.0003
forsale,2020,0.0009,2144,0.0003
movie,2017,0.0009,2462,0.0003
associates,2000,0.0009,2673,0.0003
how,1965,0.0008,2296,0.0003
schule,1964,0.0008,7857,0.0010
mortgage,1911,0.0008,4027,0.0005
equipment,1904,0.0008,2205,0.0003
bj,1890,0.0008,6248,0.0008
mm,1877,0.0008,5519,0.0007
broker,1867,0.0008,1849,0.0002
glass,1864,0.0008,2454,0.0003
vlaanderen,1833,0.0008,2321,0.0003
pg,1814,0.0008,3960,0.0005
rsvp,1810,0.0008,1529,0.0002
kw,1778,0.0008,4091,0.0005
melbourne,1772,0.0008,2267,0.0003
box,1766,0.0008,2931,0.0004
contractors,1752,0.0008,1860,0.0002
singles,1720,0.0007,1440,0.0002
xn--j1amh,1694,0.0007,1430,0.0002
adult,1689,0.0007,4095,0.0005
holiday,1680,0.0007,2000,0.0003
mc,1673,0.0007,3052,0.0004
gratis,1663,0.0007,2183,0.0003
camera,1651,0.0007,2128,0.0003
ls,1649,0.0007,3567,0.0005
shoes,1648,0.0007,1795,0.0002
tc,1646,0.0007,8033,0.0010
lb,1625,0.0007,4317,0.0005
radio,1622,0.0007,3485,0.0004
channel,1620,0.0007,1375,0.0002
phd,1608,0.0007,1326,0.0002
bank,1604,0.0007,3462,0.0004
new,1603,0.0007,6221,0.0008
xn--5tzm5g,1603,0.0007,2448,0.0003
gent,1580,0.0007,7549,0.0010
fast,1579,0.0007,2054,0.0003
mw,1570,0.0007,4381,0.0006
istanbul,1557,0.0007,1656,0.0002
ni,1551,0.0007,3017,0.0004
bm,1551,0.0007,2330,0.0003
free,1488,0.0006,1814,0.0002
exposed,1488,0.0006,1533,0.0002
discount,1478,0.0006,1218,0.0002
yokohama,1449,0.0006,1648,0.0002
sd,1448,0.0006,4165,0.0005
supplies,1445,0.0006,1729,0.0002
mobile,1417,0.0006,1070,0.0001
capetown,1411,0.0006,4540,0.0006
reisen,1404,0.0006,1456,0.0002
allfinanz,1379,0.0006,1135,0.0001
tt,1371,0.0006,2890,0.0004
barcelona,1367,0.0006,1964,0.0002
nagoya,1361,0.0006,2053,0.0003
sarl,1359,0.0006,1972,0.0002
wf,1357,0.0006,6515,0.0008
dj,1356,0.0006,2979,0.0004
catering,1342,0.0006,1561,0.0002
cleaning,1332,0.0006,1485,0.0002
limo,1325,0.0006,50437,0.0064
fj,1321,0.0006,2641,0.0003
bf,1291,0.0006,3750,0.0005
futbol,1281,0.0005,1714,0.0002
plumbing,1279,0.0005,1533,0.0002
dentist,1279,0.0005,1522,0.0002
esq,1274,0.0005,1010,0.0001
krd,1267,0.0005,2682,0.0003
ht,1247,0.0005,3686,0.0005
audi,1235,0.0005,4846,0.0006
pr,1231,0.0005,1440,0.0002
med,1229,0.0005,1167,0.0001
xn--j6w193g,1225,0.0005,384,0.0000
moda,1205,0.0005,1720,0.0002
cooking,1189,0.0005,1821,0.0002
mo,1177,0.0005,2293,0.0003
rehab,1173,0.0005,2720,0.0003
furniture,1150,0.0005,1690,0.0002
kaufen,1142,0.0005,1178,0.0001
giving,1132,0.0005,787,0.0001
flights,1120,0.0005,3687,0.0005
xn--90ae,1120,0.0005,1441,0.0002
jm,1116,0.0005,2309,0.0003
ong,1108,0.0005,1456,0.0002
ruhr,1091,0.0005,2344,0.0003
xn--4dbrk0ce,1068,0.0005,655,0.0001
mr,1048,0.0004,3086,0.0004
fishing,1037,0.0004,1227,0.0002
gi,1035,0.0004,1593,0.0002
spot,1016,0.0004,2094,0.0003
saarland,997,0.0004,1996,0.0003
diamonds,986,0.0004,1364,0.0002
tennis,984,0.0004,1302,0.0002
spa,977,0.0004,1201,0.0002
xn--q9jyb4c,972,0.0004,871,0.0001
vodka,959,0.0004,6628,0.0008
gripe,958,0.0004,1038,0.0001
cg,955,0.0004,2785,0.0004
corsica,943,0.0004,1793,0.0002
bible,942,0.0004,1005,0.0001
sexy,940,0.0004,2786,0.0004
webcam,933,0.0004,1316,0.0002
hockey,933,0.0004,1077,0.0001
soy,918,0.0004,2454,0.0003
hospital,917,0.0004,1821,0.0002
tl,911,0.0004,2163,0.0003
xn--3e0b707e,911,0.0004,676,0.0001
xn--80asehdb,907,0.0004,1463,0.0002
sl,905,0.0004,1740,0.0002
country,901,0.0004,314,0.0000
cu,892,0.0004,4068,0.0005
florist,885,0.0004,924,0.0001
xn--h2brj9c,877,0.0004,652,0.0001
cruises,864,0.0004,1630,0.0002
hosting,860,0.0004,11662,0.0015
tienda,860,0.0004,1155,0.0001
xn--6qq986b3xl,850,0.0004,485,0.0001
talk,846,0.0004,847,0.0001
lease,838,0.0004,1758,0.0002
pf,833,0.0004,2337,0.0003
gm,830,0.0004,1929,0.0002
cologne,828,0.0004,1442,0.0002
xn--80aswg,821,0.0004,1669,0.0002
pharmacy,814,0.0003,374,0.0000
sm,803,0.0003,1557,0.0002
accountants,800,0.0003,794,0.0001
xn--6frz82g,799,0.0003,710,0.0001
sb,798,0.0003,1131,0.0001
gp,791,0.0003,1321,0.0002
taipei,778,0.0003,743,0.0001
xn--90a3ac,772,0.0003,598,0.0001
surgery,768,0.0003,1129,0.0001
madrid,749,0.0003,1283,0.0002
sz,748,0.0003,2380,0.0003
creditcard,744,0.0003,730,0.0001
maison,739,0.0003,883,0.0001
theater,737,0.0003,1257,0.0002
alsace,734,0.0003,1093,0.0001
bt,733,0.0003,1811,0.0002
forex,732,0.0003,710,0.0001
joburg,723,0.0003,2076,0.0003
xn--mk1bu44c,701,0.0003,339,0.0000
bargains,696,0.0003,741,0.0001
condos,684,0.0003,962,0.0001
realty,676,0.0003,1100,0.0001
organic,660,0.0003,3955,0.0005
hot,646,0.0003,651,0.0001
deal,641,0.0003,567,0.0001
xn--d1acj3b,636,0.0003,767,0.0001
latino,634,0.0003,597,0.0001
tires,618,0.0003,567,0.0001
navy,612,0.0003,7329,0.0009
xn--tckwe,612,0.0003,669,0.0001
accountant,595,0.0003,608,0.0001
xn--qxam,594,0.0003,506,0.0001
republican,586,0.0003,587,0.0001
ss,584,0.0003,713,0.0001
cricket,570,0.0002,579,0.0001
security,567,0.0002,7886,0.0010
bn,566,0.0002,1583,0.0002
bs,559,0.0002,1872,0.0002
voto,559,0.0002,647,0.0001
xn--gecrj9c,555,0.0002,249,0.0000
crs,553,0.0002,830,0.0001
cw,537,0.0002,928,0.0001
durban,536,0.0002,1479,0.0002
bb,531,0.0002,741,0.0001
hiphop,527,0.0002,424,0.0001
degree,519,0.0002,541,0.0001
museum,514,0.0002,1523,0.0002
tatar,512,0.0002,1057,0.0001
feedback,504,0.0002,606,0.0001
osaka,502,0.0002,694,0.0001
kyoto,474,0.0002,643,0.0001
prof,471,0.0002,516,0.0001
democrat,470,0.0002,444,0.0001
memorial,461,0.0002,522,0.0001
mp,460,0.0002,1292,0.0002
xn--czr694b,447,0.0002,443,0.0001
rio,446,0.0002,845,0.0001
physio,438,0.0002,817,0.0001
yun,435,0.0002,760,0.0001
rich,423,0.0002,523,0.0001
compare,419,0.0002,403,0.0001
ye,412,0.0002,894,0.0001
td,406,0.0002,970,0.0001
sport,403,0.0002,1772,0.0002
zuerich,399,0.0002,592,0.0001
diet,396,0.0002,548,0.0001
hm,392,0.0002,1763,0.0002
shiksha,391,0.0002,323,0.0000
desi,388,0.0002,1037,0.0001
gn,377,0.0002,785,0.0001
moi,374,0.0002,546,0.0001
flowers,365,0.0002,801,0.0001
kred,362,0.0002,6177,0.0008
xn--c1avg,356,0.0002,353,0.0000
select,355,0.0002,542,0.0001
aw,355,0.0002,439,0.0001
ne,348,0.0001,1520,0.0002
airforce,332,0.0001,510,0.0001
gop,330,0.0001,616,0.0001
xn--kpry57d,326,0.0001,347,0.0000
xn--55qx5d,320,0.0001,568,0.0001
tickets,309,0.0001,810,0.0001
ltda,302,0.0001,212,0.0000
xn--y9a3aq,296,0.0001,126,0.0000
basketball,295,0.0001,564,0.0001
vi,295,0.0001,453,0.0001
schwarz,290,0.0001,744,0.0001
career,284,0.0001,1873,0.0002
ryukyu,277,0.0001,297,0.0000
xn--kput3i,276,0.0001,21,0.0000
storage,275,0.0001,1578,0.0002
xn--io0a7i,263,0.0001,188,0.0000
ck,257,0.0001,744,0.0001
kn,255,0.0001,564,0.0001
xn--czru2d,251,0.0001,27,0.0000
xn--t60b56a,249,0.0001,239,0.0000
mq,242,0.0001,409,0.0001
abogado,240,0.0001,260,0.0000
viajes,239,0.0001,354,0.0000
gf,238,0.0001,1578,0.0002
gw,236,0.0001,1040,0.0001
watches,235,0.0001,222,0.0000
dm,229,0.0001,820,0.0001
versicherung,229,0.0001,350,0.0000
auto,227,0.0001,1155,0.0001
xn--9dbq2a,226,0.0001,279,0.0000
lr,223,0.0001,931,0.0001
ki,221,0.0001,911,0.0001
google,213,0.0001,717,0.0001
rugby,213,0.0001,420,0.0001
reise,207,0.0001,315,0.0000
xn--e1a4c,203,0.0001,275,0.0000
blackfriday,187,0.0001,348,0.0000
nf,182,0.0001,16598,0.0021
xn--fiqz9s,181,0.0001,89,0.0000
guitars,179,0.0001,210,0.0000
xn--ses554g,176,0.0001,116,0.0000
mil,175,0.0001,2708,0.0003
goog,173,0.0001,845885,0.1070
abbott,167,0.0001,1438,0.0002
pn,156,0.0001,1876,0.0002
fox,154,0.0001,897,0.0001
int,153,0.0001,7582,0.0010
lamborghini,142,0.0001,122,0.0000
bnpparibas,132,0.0001,1697,0.0002
xn--rhqv96g,125,0.0001,608,0.0001
xn--node,124,0.0001,44,0.0000
xn--54b7fta0cc,122,0.0001,225,0.0000
seat,120,0.0001,112,0.0000
toyota,115,0.0000,936,0.0001
cars,109,0.0000,604,0.0001
xn--ngbc5azd,109,0.0000,192,0.0000
abudhabi,108,0.0000,281,0.0000
xn--d1alf,105,0.0000,36,0.0000
godaddy,104,0.0000,33,0.0000
erni,104,0.0000,13,0.0000
car,94,0.0000,432,0.0001
insurance,94,0.0000,91,0.0000
leclerc,93,0.0000,308,0.0000
amazon,91,0.0000,2086,0.0003
edeka,86,0.0000,163,0.0000
xn--80ao21a,86,0.0000,36,0.0000
pfizer,85,0.0000,2086,0.0003
pay,85,0.0000,81,0.0000
xn--mgbab2bd,84,0.0000,8,0.0000
stockholm,84,0.0000,2,0.0000
aco,83,0.0000,136,0.0000
xn--xkc2dl3a5ee0h,83,0.0000,7,0.0000
post,81,0.0000,169,0.0000
creditunion,81,0.0000,28,0.0000
lidl,80,0.0000,155,0.0000
fk,78,0.0000,122,0.0000
xn--mgberp4a5d4ar,77,0.0000,43,0.0000
bmw,74,0.0000,1940,0.0002
km,74,0.0000,209,0.0000
microsoft,73,0.0000,4055,0.0005
va,73,0.0000,188,0.0000
afl,71,0.0000,41,0.0000
xn--fpcrj9c3d,71,0.0000,8,0.0000
xn--qxa6a,68,0.0000,31,0.0000
nr,67,0.0000,1304,0.0002
teva,67,0.0000,73,0.0000
xn--45brj9c,67,0.0000,30,0.0000
xn--3ds443g,66,0.0000,48,0.0000
sky,65,0.0000,1255,0.0002
juegos,62,0.0000,63,0.0000
onion,61,0.0000,14,0.0000
xn--s9brj9c,57,0.0000,5,0.0000
toray,56,0.0000,135,0.0000
weber,56,0.0000,101,0.0000
xn--nqv7f,56,0.0000,22,0.0000
apple,55,0.0000,112,0.0000
aws,54,0.0000,1949568,0.2467
tui,51,0.0000,400,0.0001
man,50,0.0000,481,0.0001
meet,50,0.0000,49,0.0000
yandex,49,0.0000,29,0.0000
firmdale,48,0.0000,48,0.0000
xn--czrs0t,47,0.0000,125,0.0000
canon,46,0.0000,190,0.0000
dealer,46,0.0000,63,0.0000
ifm,41,0.0000,218,0.0000
globo,40,0.0000,901,0.0001
marriott,40,0.0000,40,0.0000
theatre,40,0.0000,33,0.0000
xn--mgbbh1a71e,40,0.0000,0,0.0000
hiv,38,0.0000,46,0.0000
cba,37,0.0000,228,0.0000
komatsu,37,0.0000,102,0.0000
aq,36,0.0000,89,0.0000
gmo,36,0.0000,52,0.0000
bradesco,36,0.0000,22,0.0000
xn--i1b6b1a6a2e,35,0.0000,43,0.0000
philips,34,0.0000,175,0.0000
lotto,34,0.0000,18,0.0000
xn--xhq521b,33,0.0000,36,0.0000
xn--fiq228c5hs,33,0.0000,33,0.0000
xn--fjq720a,33,0.0000,15,0.0000
xn--h2brj9c8c,33,0.0000,4,0.0000
mlb,32,0.0000,36,0.0000
xn--g2xx48c,32,0.0000,17,0.0000
dhl,31,0.0000,94,0.0000
xn--unup4y,31,0.0000,26,0.0000
mini,31,0.0000,11,0.0000
ricoh,30,0.0000,49,0.0000
xn--mgbaam7a8h,30,0.0000,7,0.0000
bauhaus,29,0.0000,309,0.0000
deloitte,29,0.0000,44,0.0000
ismaili,28,0.0000,63,0.0000
monash,28,0.0000,52,0.0000
xn--hxt814e,28,0.0000,22,0.0000
xn--vuq861b,28,0.0000,13,0.0000
sandvikcoromant,28,0.0000,0,0.0000
bridgestone,27,0.0000,89,0.0000
xn--2scrj9c,27,0.0000,8,0.0000
xn--fzc2c9e2c,27,0.0000,4,0.0000
shell,26,0.0000,204,0.0000
xn--wgbl6a,26,0.0000,4,0.0000
anz,25,0.0000,273,0.0000
barclays,25,0.0000,228,0.0000
saxo,25,0.0000,38,0.0000
case,25,0.0000,24,0.0000
xn--vhquv,25,0.0000,16,0.0000
aquarelle,24,0.0000,20,0.0000
sener,24,0.0000,9,0.0000
sandvik,22,0.0000,107,0.0000
youtube,22,0.0000,14,0.0000
xn--1qqw23a,21,0.0000,17,0.0000
voting,20,0.0000,22,0.0000
windows,20,0.0000,1,0.0000
xbox,20,0.0000,0,0.0000
abb,19,0.0000,533,0.0001
itau,19,0.0000,68,0.0000
sncf,19,0.0000,56,0.0000
gu,19,0.0000,36,0.0000
weir,18,0.0000,106,0.0000
sbi,18,0.0000,51,0.0000
hisamitsu,18,0.0000,29,0.0000
walter,18,0.0000,16,0.0000
bing,18,0.0000,0,0.0000
cisco,17,0.0000,155928,0.0197
sap,17,0.0000,54099,0.0068
abc,17,0.0000,26,0.0000
stada,17,0.0000,18,0.0000
xn--wgbh1c,17,0.0000,5,0.0000
vana,17,0.0000,3,0.0000
hotmail,17,0.0000,0,0.0000
vig,16,0.0000,48,0.0000
reit,16,0.0000,22,0.0000
xn--4gbrim,16,0.0000,9,0.0000
statefarm,15,0.0000,4642,0.0006
sanofi,15,0.0000,1507,0.0002
uol,15,0.0000,233,0.0000
pioneer,15,0.0000,52,0.0000
xn--mgba3a4f16a,15,0.0000,17,0.0000
citic,14,0.0000,37,0.0000
whoswho,14,0.0000,9,0.0000
xn--ogbpf8fl,14,0.0000,6,0.0000
schaeffler,13,0.0000,321,0.0000
jnj,13,0.0000,284,0.0000
woodside,13,0.0000,181,0.0000
alibaba,13,0.0000,152,0.0000
jio,13,0.0000,104,0.0000
azure,13,0.0000,69,0.0000
nhk,13,0.0000,23,0.0000
protection,13,0.0000,21,0.0000
xn--rvc1e0am3e,13,0.0000,4,0.0000
extraspace,12,0.0000,37,0.0000
vanguard,12,0.0000,33,0.0000
axa,12,0.0000,29,0.0000
clubmed,12,0.0000,26,0.0000
williamhill,12,0.0000,20,0.0000
fairwinds,12,0.0000,10,0.0000
neustar,12,0.0000,10,0.0000
cern,12,0.0000,4,0.0000
statebank,12,0.0000,4,0.0000
xn--xkc2al3hye2a,12,0.0000,2,0.0000
tatamotors,11,0.0000,386,0.0000
ikano,11,0.0000,144,0.0000
hsbc,11,0.0000,15,0.0000
target,11,0.0000,10,0.0000
xn--ygbi2ammx,11,0.0000,3,0.0000
lanxess,10,0.0000,16,0.0000
gle,10,0.0000,2,0.0000
orange,9,0.0000,859,0.0001
arte,9,0.0000,98,0.0000
pictet,9,0.0000,59,0.0000
mma,9,0.0000,9,0.0000
xn--3hcrj9c,9,0.0000,2,0.0000
emerck,9,0.0000,1,0.0000
jprs,9,0.0000,0,0.0000
xn--mgbayh7gpa,9,0.0000,0,0.0000
next,8,0.0000,654,0.0001
mango,8,0.0000,13,0.0000
locus,8,0.0000,8,0.0000
scb,8,0.0000,6,0.0000
ntt,7,0.0000,574,0.0001
auspost,7,0.0000,225,0.0000
suzuki,7,0.0000,49,0.0000
brother,7,0.0000,40,0.0000
nico,7,0.0000,35,0.0000
gucci,7,0.0000,16,0.0000
xn--bck1b9a5dre4c,7,0.0000,7,0.0000
itv,7,0.0000,6,0.0000
xn--gckr3f0f,7,0.0000,6,0.0000
xn--kcrx77d1x4a,7,0.0000,2,0.0000
xn--mgbcpq6gpa1a,7,0.0000,2,0.0000
xn--45br5cyl,7,0.0000,0,0.0000
nike,6,0.0000,1266,0.0002
kpmg,6,0.0000,96,0.0000
schmidt,6,0.0000,88,0.0000
pru,6,0.0000,50,0.0000
mh,6,0.0000,38,0.0000
sony,6,0.0000,30,0.0000
jcb,6,0.0000,23,0.0000
barclaycard,6,0.0000,21,0.0000
abbvie,6,0.0000,15,0.0000
er,6,0.0000,9,0.0000
otsuka,6,0.0000,7,0.0000
xn--zfr164b,6,0.0000,7,0.0000
java,6,0.0000,4,0.0000
xn--1ck2e1b,6,0.0000,4,0.0000
xn--3bst00m,6,0.0000,4,0.0000
xn--pgbs0dh,6,0.0000,4,0.0000
alstom,5,0.0000,102,0.0000
mattel,5,0.0000,94,0.0000
sharp,5,0.0000,70,0.0000
ford,5,0.0000,69,0.0000
ping,5,0.0000,21,0.0000
cuisinella,5,0.0000,13,0.0000
lilly,5,0.0000,12,0.0000
broadway,5,0.0000,5,0.0000
xn--fct429k,5,0.0000,5,0.0000
dubai,5,0.0000,4,0.0000
xn--mix891f,5,0.0000,4,0.0000
yodobashi,5,0.0000,3,0.0000
skype,5,0.0000,0,0.0000
xn--mgbbh1a,5,0.0000,0,0.0000
hermes,4,0.0000,75,0.0000
bbva,4,0.0000,14,0.0000
lexus,4,0.0000,12,0.0000
nissan,4,0.0000,12,0.0000
flir,4,0.0000,11,0.0000
gea,4,0.0000,8,0.0000
honda,4,0.0000,8,0.0000
total,4,0.0000,8,0.0000
hitachi,4,0.0000,6,0.0000
dupont,4,0.0000,4,0.0000
ice,4,0.0000,4,0.0000
kpn,4,0.0000,4,0.0000
xn--55qw42g,4,0.0000,4,0.0000
xn--jvr189m,4,0.0000,4,0.0000
xn--rovu88b,4,0.0000,4,0.0000
aig,4,0.0000,3,0.0000
grainger,4,0.0000,3,0.0000
xn--h2breg3eve,4,0.0000,3,0.0000
amex,4,0.0000,2,0.0000
chase,4,0.0000,2,0.0000
kfh,4,0.0000,2,0.0000
android,4,0.0000,1,0.0000
stc,4,0.0000,1,0.0000
zara,4,0.0000,1,0.0000
dell,4,0.0000,0,0.0000
latrobe,4,0.0000,0,0.0000
office,4,0.0000,0,0.0000
play,4,0.0000,0,0.0000
vivo,4,0.0000,0,0.0000
xn--mgb9awbf,4,0.0000,0,0.0000
yahoo,4,0.0000,0,0.0000
bostik,3,0.0000,35,0.0000
zappos,3,0.0000,22,0.0000
ally,3,0.0000,12,0.0000
imamat,3,0.0000,11,0.0000
toshiba,3,0.0000,9,0.0000
xn--imr513n,3,0.0000,9,0.0000
lundbeck,3,0.0000,8,0.0000
sfr,3,0.0000,7,0.0000
hbo,3,0.0000,4,0.0000
praxi,3,0.0000,4,0.0000
bcn,3,0.0000,3,0.0000
chintai,3,0.0000,3,0.0000
ferrero,3,0.0000,3,0.0000
xn--otu796d,3,0.0000,3,0.0000
able,3,0.0000,2,0.0000
dot,3,0.0000,2,0.0000
eat,3,0.0000,2,0.0000
nokia,3,0.0000,2,0.0000
xn--mgbah1a3hjkrd,3,0.0000,2,0.0000
nowruz,3,0.0000,1,0.0000
xn--cck2b3b,3,0.0000,1,0.0000
xn--l1acc,3,0.0000,1,0.0000
xn--yfro4i67o,3,0.0000,1,0.0000
wed,3,0.0000,0,0.0000
xn--mgbai9azgqp6j,3,0.0000,0,0.0000
lego,2,0.0000,475,0.0001
akdn,2,0.0000,100,0.0000
politie,2,0.0000,77,0.0000
frogans,2,0.0000,19,0.0000
temasek,2,0.0000,15,0.0000
infiniti,2,0.0000,13,0.0000
fujitsu,2,0.0000,10,0.0000
ipiranga,2,0.0000,9,0.0000
dnp,2,0.0000,6,0.0000
chrome,2,0.0000,5,0.0000
fage,2,0.0000,5,0.0000
catholic,2,0.0000,4,0.0000
commbank,2,0.0000,4,0.0000
nra,2,0.0000,4,0.0000
panasonic,2,0.0000,3,0.0000
beats,2,0.0000,2,0.0000
omega,2,0.0000,2,0.0000
smart,2,0.0000,2,0.0000
aarp,2,0.0000,1,0.0000
airbus,2,0.0000,1,0.0000
crown,2,0.0000,1,0.0000
epson,2,0.0000,1,0.0000
flickr,2,0.0000,1,0.0000
fly,2,0.0000,1,0.0000
kia,2,0.0000,1,0.0000
nec,2,0.0000,1,0.0000
prime,2,0.0000,1,0.0000
pwc,2,0.0000,1,0.0000
volvo,2,0.0000,1,0.0000
wme,2,0.0000,1,0.0000
xn--45q11c,2,0.0000,1,0.0000
xn--vermgensberatung-pwb,2,0.0000,1,0.0000
aaa,2,0.0000,0,0.0000
aeg,2,0.0000,0,0.0000
caravan,2,0.0000,0,0.0000
dish,2,0.0000,0,0.0000
gmail,2,0.0000,0,0.0000
here,2,0.0000,0,0.0000
jmp,2,0.0000,0,0.0000
mit,2,0.0000,0,0.0000
mtn,2,0.0000,0,0.0000
xn--mgbpl2fh,2,0.0000,0,0.0000
xn--mgbtx2b,2,0.0000,0,0.0000
xn--q7ce6a,2,0.0000,0,0.0000
maif,1,0.0000,71,0.0000
bbc,1,0.0000,19,0.0000
bcg,1,0.0000,6,0.0000
cfa,1,0.0000,4,0.0000
arpa,1,0.0000,3,0.0000
arab,1,0.0000,2,0.0000
bom,1,0.0000,2,0.0000
final,1,0.0000,2,0.0000
fresenius,1,0.0000,2,0.0000
lpl,1,0.0000,2,0.0000
lplfinancial,1,0.0000,2,0.0000
nab,1,0.0000,2,0.0000
oracle,1,0.0000,2,0.0000
xn--ngbrx,1,0.0000,2,0.0000
audible,1,0.0000,1,0.0000
bestbuy,1,0.0000,1,0.0000
calvinklein,1,0.0000,1,0.0000
chanel,1,0.0000,1,0.0000
cipriani,1,0.0000,1,0.0000
datsun,1,0.0000,1,0.0000
ericsson,1,0.0000,1,0.0000
firestone,1,0.0000,1,0.0000
genting,1,0.0000,1,0.0000
ggee,1,0.0000,1,0.0000
goldpoint,1,0.0000,1,0.0000
hyundai,1,0.0000,1,0.0000
icbc,1,0.0000,1,0.0000
kddi,1,0.0000,1,0.0000
kosher,1,0.0000,1,0.0000
lincoln,1,0.0000,1,0.0000
llp,1,0.0000,1,0.0000
lotte,1,0.0000,1,0.0000
merck,1,0.0000,1,0.0000
mitsubishi,1,0.0000,1,0.0000
mls,1,0.0000,1,0.0000
norton,1,0.0000,1,0.0000
pid,1,0.0000,1,0.0000
playstation,1,0.0000,1,0.0000
pohl,1,0.0000,1,0.0000
redumbrella,1,0.0000,1,0.0000
rwe,1,0.0000,1,0.0000
sakura,1,0.0000,1,0.0000
samsung,1,0.0000,1,0.0000
seven,1,0.0000,1,0.0000
sew,1,0.0000,1,0.0000
softbank,1,0.0000,1,0.0000
stcgroup,1,0.0000,1,0.0000
tab,1,0.0000,1,0.0000
travelers,1,0.0000,1,0.0000
travelersinsurance,1,0.0000,1,0.0000
trv,1,0.0000,1,0.0000
ups,1,0.0000,1,0.0000
virgin,1,0.0000,1,0.0000
viva,1,0.0000,1,0.0000
wtc,1,0.0000,1,0.0000
xn--kprw13d,1,0.0000,1,0.0000
xn--nqv7fs00ema,1,0.0000,1,0.0000
xn--tiq49xqyj,1,0.0000,1,0.0000
xn--vermgensberater-ctb,1,0.0000,1,0.0000
ads,1,0.0000,0,0.0000
aetna,1,0.0000,0,0.0000
airtel,1,0.0000,0,0.0000
americanexpress,1,0.0000,0,0.0000
americanfamily,1,0.0000,0,0.0000
amfam,1,0.0000,0,0.0000
amica,1,0.0000,0,0.0000
analytics,1,0.0000,0,0.0000
aol,1,0.0000,0,0.0000
aramco,1,0.0000,0,0.0000
athleta,1,0.0000,0,0.0000
banamex,1,0.0000,0,0.0000
baseball,1,0.0000,0,0.0000
bharti,1,0.0000,0,0.0000
blockbuster,1,0.0000,0,0.0000
book,1,0.0000,0,0.0000
booking,1,0.0000,0,0.0000
cal,1,0.0000,0,0.0000
capitalone,1,0.0000,0,0.0000
cbn,1,0.0000,0,0.0000
cbre,1,0.0000,0,0.0000
citi,1,0.0000,0,0.0000
data,1,0.0000,0,0.0000
dclk,1,0.0000,0,0.0000
dds,1,0.0000,0,0.0000
discover,1,0.0000,0,0.0000
docs,1,0.0000,0,0.0000
drive,1,0.0000,0,0.0000
dtv,1,0.0000,0,0.0000
dvr,1,0.0000,0,0.0000
farmers,1,0.0000,0,0.0000
frontier,1,0.0000,0,0.0000
ftr,1,0.0000,0,0.0000
gap,1,0.0000,0,0.0000
gbiz,1,0.0000,0,0.0000
george,1,0.0000,0,0.0000
grocery,1,0.0000,0,0.0000
guge,1,0.0000,0,0.0000
hangout,1,0.0000,0,0.0000
helsinki,1,0.0000,0,0.0000
homegoods,1,0.0000,0,0.0000
homesense,1,0.0000,0,0.0000
hotels,1,0.0000,0,0.0000
hyatt,1,0.0000,0,0.0000
ibm,1,0.0000,0,0.0000
ieee,1,0.0000,0,0.0000
imdb,1,0.0000,0,0.0000
intuit,1,0.0000,0,0.0000
jpmorgan,1,0.0000,0,0.0000
lacaixa,1,0.0000,0,0.0000
lifeinsurance,1,0.0000,0,0.0000
like,1,0.0000,0,0.0000
map,1,0.0000,0,0.0000
marshalls,1,0.0000,0,0.0000
merckmsd,1,0.0000,0,0.0000
mint,1,0.0000,0,0.0000
moto,1,0.0000,0,0.0000
msd,1,0.0000,0,0.0000
nba,1,0.0000,0,0.0000
netbank,1,0.0000,0,0.0000
netflix,1,0.0000,0,0.0000
nfl,1,0.0000,0,0.0000
olayan,1,0.0000,0,0.0000
olayangroup,1,0.0000,0,0.0000
ollo,1,0.0000,0,0.0000
open,1,0.0000,0,0.0000
ott,1,0.0000,0,0.0000
phone,1,0.0000,0,0.0000
prod,1,0.0000,0,0.0000
prudential,1,0.0000,0,0.0000
read,1,0.0000,0,0.0000
rexroth,1,0.0000,0,0.0000
samsclub,1,0.0000,0,0.0000
sas,1,0.0000,0,0.0000
scholarships,1,0.0000,0,0.0000
search,1,0.0000,0,0.0000
seek,1,0.0000,0,0.0000
silk,1,0.0000,0,0.0000
sling,1,0.0000,0,0.0000
sohu,1,0.0000,0,0.0000
staples,1,0.0000,0,0.0000
swatch,1,0.0000,0,0.0000
tdk,1,0.0000,0,0.0000
tjmaxx,1,0.0000,0,0.0000
tjx,1,0.0000,0,0.0000
tkmaxx,1,0.0000,0,0.0000
tushu,1,0.0000,0,0.0000
tvs,1,0.0000,0,0.0000
walmart,1,0.0000,0,0.0000
weather,1,0.0000,0,0.0000
weatherchannel,1,0.0000,0,0.0000
winners,1,0.0000,0,0.0000
xerox,1,0.0000,0,0.0000
xn--80aqecdr1a,1,0.0000,0,0.0000
xn--cckwcxetd,1,0.0000,0,0.0000
xn--clchc0ea0b2g2a9gcd,1,0.0000,0,0.0000
xn--flw351e,1,0.0000,0,0.0000
xn--jlq480n2rg,1,0.0000,0,0.0000
xn--lgbbat1ad8j,1,0.0000,0,0.0000
xn--mgba3a3ejt,1,0.0000,0,0.0000
xn--mgba7c0bbn0a,1,0.0000,0,0.0000
xn--mgbgu82a,1,0.0000,0,0.0000
xn--mgbi4ecexp,1,0.0000,0,0.0000
xn--ngbe9e0a,1,0.0000,0,0.0000
xn--qcka1pmc,1,0.0000,0,0.0000
yamaxun,1,0.0000,0,0.0000
